e,att,att_se
-4,0.004849500000000027,0.008335167433405174
-3,-0.0018642500000000002,0.006544439702333144
-2,0.0050847499999999695,0.006186235593331103
-1,-0.010333999999999998,0.006272341423676342
0,0.11254475000000001,0.006877986283188647
1,0.10811750000000002,0.0073622727381051755
2,0.11941049999999997,0.007807301739528478
3,0.11532800000000004,0.007822743041634198
4,0.09442900000000004,0.011021220111705097
